Voltage,High,Soil Type,Mine Type
0.335347054,0.181818182,0.6,1
0.336347054,0.272727273,0.6,1
0.306495062,1,1,3
0.999998728,0.181818182,0.6,2
0.534742556,0.727272727,0.6,2
