Voltage,High,Soil Type,Mine Type
0.335347054,0.181818182,0.6,1
0.335347054,0.272727273,0.6,1
0.975829576,0.272727273,0.6,2
0.815708945,0.363636364,0.6,2
0.306495062,1,1,3
0.999998728,0.181818182,0.6,2
0.725074626,0.454545455,0.6,2
0.534742556,0.727272727,0.6,2
0.374706501,0.545454545,0.6,3
0.356072182,0.818181818,0.6,3
